{
  "version": 1,
  "author": "Amisha Sharma",
  "editor": "wokwi",
  "parts": [
    { "type": "wokwi-arduino-uno", "id": "uno", "top": 0, "left": 0, "attrs": {} },
    { "type": "wokwi-led", "id": "led1", "top": -99.6, "left": 23, "attrs": { "color": "red" } },
    {
      "type": "wokwi-resistor",
      "id": "r1",
      "top": -82.45,
      "left": 38.4,
      "rotate": 90,
      "attrs": { "value": "220" }
    }
  ],
  "connections": [
    [ "uno:13", "led1:A", "green", [ "v0" ] ],
    [ "uno:GND.1", "r1:2", "black", [ "v0" ] ],
    [ "led1:C", "r1:1", "green", [ "v0" ] ]
  ],
  "dependencies": {}
}