{
  "version": 1,
  "author": "Amisha Sharma",
  "editor": "wokwi",
  "parts": [
    { "type": "wokwi-arduino-uno", "id": "uno", "top": 0, "left": 0, "attrs": {} },
    {
      "type": "wokwi-led",
      "id": "led1",
      "top": -109.2,
      "left": 13.4,
      "attrs": { "color": "red" }
    },
    {
      "type": "wokwi-resistor",
      "id": "r1",
      "top": -111.25,
      "left": 0,
      "attrs": { "value": "1000" }
    },
    {
      "type": "wokwi-led",
      "id": "led2",
      "top": -109.2,
      "left": -34.6,
      "attrs": { "color": "blue" }
    }
  ],
  "connections": [
    [ "uno:9", "led1:A", "green", [ "v0" ] ],
    [ "r1:2", "uno:GND.1", "green", [ "v0" ] ],
    [ "r1:1", "led1:C", "green", [ "v0" ] ],
    [ "uno:8", "led2:A", "green", [ "v0" ] ],
    [ "r1:1", "led2:C", "green", [ "v0" ] ]
  ],
  "dependencies": {}
}